peptide,validation_status,as_of,suppliers,p25_uah_per_mg,median_uah_per_mg,p75_uah_per_mg
5-amino-1mq,limited,2026-10-06,3,31,35,38
aod-9604,limited,2026-09-09,2,157,174,191
bpc-157,ok,2026-10-06,14,176,430,735
cagrilintide,ok,2026-10-06,7,675,701,825
cjc-1295,ok,2026-10-06,12,230,254,328
epitalon,ok,2026-10-06,14,100,170,199
ghk-cu,ok,2026-10-06,14,37,39,43
ghrp-2,ok,2026-10-06,7,60,66,68
ghrp-6,ok,2026-10-06,10,63,67,166
glow,limited,2026-10-06,2,57,63,68
hexarelin,limited,2026-10-06,4,97,152,209
hgh-176-191,ok,2026-10-06,7,130,146,465
ipamorelin,ok,2026-10-06,12,105,206,316
melanotan-2,ok,2026-10-06,8,71,84,164
mots-c,ok,2026-10-06,16,262,388,426
nad-plus,limited,2026-10-06,2,25,30,34
pt-141,ok,2026-10-06,7,119,370,383
retatrutide,ok,2026-10-06,20,350,441,707
selank,ok,2026-10-06,5,200,367,385
semaglutide,ok,2026-10-06,15,1117,1350,1727
semax,ok,2026-10-06,7,137,140,260
sermorelin,limited,2026-10-06,2,484,743,1001
tb-500,ok,2026-10-06,11,273,288,307
tesamorelin,limited,2026-10-03,2,394,696,998
tirzepatide,ok,2026-10-06,18,378,437,699
